代码,名称,行业,买入日期,买入价,卖出日期,卖出价,股数,盈亏金额,盈亏比例,持有天数,买入信号,买入原因,卖出信号,卖出原因,市场状态,股票池
000750,国海证券,证券,20200103,5.27,20200121,4.88,100,68.0,1.26%,18,Rank 1.48%,"Rank 1.48%, Score 0.0199, BULL",BULL rank exit (69.4%),BULL rank exit (69.4%),BULL,csi500
600258,首旅酒店,酒店餐饮,20200103,20.51,20200121,18.01,100,-619.0,-12.19%,18,Rank 2.11%,"Rank 2.11%, Score 0.0173, BULL",BULL Hard stop (-12.2%),BULL Hard stop (-12.2%),BULL,csi500
603712,七一二,通信设备,20200103,25.3,20200121,26.24,200,181.8,3.72%,18,Rank 2.74%,"Rank 2.74%, Score 0.0165, BULL",BULL rank exit (37.6%),BULL rank exit (37.6%),BULL,csi500
600909,华安证券,证券,20200103,7.25,20200121,7.32,600,37.3,0.97%,18,Rank 3.16%,"Rank 3.16%, Score 0.0148, BULL",BULL rank exit (70.7%),BULL rank exit (70.7%),BULL,csi500
601108,财通证券,证券,20200103,11.19,20200122,11.2,500,-2.3,0.09%,19,Rank 1.69%,"Rank 1.69%, Score 0.0181, BULL",BULL rank exit (56.8%),BULL rank exit (56.8%),BULL,csi500
000009,中国宝安,电气设备,20200103,6.66,20200123,6.58,100,-78.4,-1.20%,20,Rank 0.63%,"Rank 0.63%, Score 0.0341, BULL",BULL rank exit (82.9%),BULL rank exit (82.9%),BULL,csi500
601099,太平洋,证券,20200103,3.79,20200123,3.63,500,-234.8,-4.22%,20,Rank 2.53%,"Rank 2.53%, Score 0.0165, BULL",BULL rank exit (48.4%),BULL rank exit (48.4%),BULL,csi500
601212,白银有色,铜,20200107,3.84,20200123,3.35,1700,-843.5,-12.76%,16,Rank 4.65%,"Rank 4.65%, Score 0.0145, BULL",BULL Hard stop (-12.8%),BULL Hard stop (-12.8%),BULL,csi500
600546,山煤国际,煤炭开采,20200106,7.51,20200203,8.3,100,631.4,10.52%,28,Rank 1.48%,"Rank 1.48%, Score 0.0227, BULL",BULL trailing stop (23.3%),BULL trailing stop (23.3%),BULL,csi500
600988,赤峰黄金,黄金,20200106,5.6,20200203,5.35,200,-280.5,-4.46%,28,Rank 1.69%,"Rank 1.69%, Score 0.0211, BULL",BULL rank exit (93.7%),BULL rank exit (93.7%),BULL,csi500
600416,湘电股份,电气设备,20200106,6.95,20200203,6.39,200,-389.6,-8.06%,28,Rank 4.01%,"Rank 4.01%, Score 0.0143, BULL",BULL rank exit (63.8%),BULL rank exit (63.8%),BULL,csi500
000582,北部湾港,港口,20200108,8.93,20200203,7.72,100,-584.4,-13.55%,26,Rank 4.65%,"Rank 4.65%, Score 0.0118, BULL",BULL Hard stop (-13.5%),BULL Hard stop (-13.5%),BULL,csi500
002738,中矿资源,小金属,20200103,16.59,20200204,15.29,200,-402.6,-7.84%,32,Rank 1.90%,"Rank 1.90%, Score 0.0175, BULL",BULL rank exit (70.5%),BULL rank exit (70.5%),BULL,csi500
002240,盛新锂能,小金属,20200103,7.98,20200204,7.0,300,-479.7,-12.28%,32,Rank 4.43%,"Rank 4.43%, Score 0.0128, BULL",BULL Hard stop (-12.3%),BULL Hard stop (-12.3%),BULL,csi500
300763,锦浪科技,电气设备,20200106,42.38,20200204,41.0,100,-147.1,-3.26%,29,Rank 2.95%,"Rank 2.95%, Score 0.0157, BULL",BULL rank exit (62.5%),BULL rank exit (62.5%),BULL,csi500
002080,中材科技,玻璃,20200106,12.57,20200204,11.8,100,-371.8,-6.13%,29,Rank 3.16%,"Rank 3.16%, Score 0.0149, BULL",BULL trailing stop (21.6%),BULL trailing stop (21.6%),BULL,csi500
000733,振华科技,元器件,20200106,17.8,20200204,16.64,100,-259.6,-6.52%,29,Rank 4.43%,"Rank 4.43%, Score 0.0141, BULL",BULL rank exit (88.0%),BULL rank exit (88.0%),BULL,csi500
000951,中国重汽,汽车整车,20200108,21.55,20200204,17.0,100,-1464.4,-21.11%,27,Rank 3.38%,"Rank 3.38%, Score 0.0152, BULL",BULL Hard stop (-21.1%),BULL Hard stop (-21.1%),BULL,csi500
601106,中国一重,工程机械,20200108,3.01,20200204,2.36,2100,-1382.0,-21.59%,27,Rank 4.23%,"Rank 4.23%, Score 0.0129, BULL",BULL Hard stop (-21.6%),BULL Hard stop (-21.6%),BULL,csi500
601233,桐昆股份,化纤,20200109,14.92,20200204,12.25,100,-817.8,-17.90%,26,Rank 2.33%,"Rank 2.33%, Score 0.0254, BULL",BULL Hard stop (-17.9%),BULL Hard stop (-17.9%),BULL,csi500
603185,弘元绿能,电气设备,20200109,27.85,20200204,26.5,100,-194.6,-4.85%,26,Rank 2.75%,"Rank 2.75%, Score 0.0221, BULL",BULL trailing stop (18.7%),BULL trailing stop (18.7%),BULL,csi500
002385,大北农,饲料,20200121,6.39,20200204,4.78,100,-1621.8,-25.20%,14,Rank 1.69%,"Rank 1.69%, Score 0.0233, BULL",BULL Hard stop (-25.2%),BULL Hard stop (-25.2%),BULL,csi500
603606,东方电缆,电气设备,20200121,12.28,20200204,10.33,100,-774.1,-15.88%,14,Rank 2.74%,"Rank 2.74%, Score 0.0156, BULL",BULL Hard stop (-15.9%),BULL Hard stop (-15.9%),BULL,csi500
000921,海信家电,家用电器,20200123,12.21,20200204,10.0,200,-585.6,-18.10%,12,Rank 3.79%,"Rank 3.79%, Score 0.0100, BULL",BULL Hard stop (-18.1%),BULL Hard stop (-18.1%),BULL,csi500
601990,南京证券,证券,20200107,12.58,20200205,11.55,500,-633.3,-8.19%,29,Rank 2.33%,"Rank 2.33%, Score 0.0188, BULL",BULL rank exit (55.4%),BULL rank exit (55.4%),BULL,csi500
601162,天风证券,证券,20200107,7.14,20200205,5.64,900,-1358.0,-21.01%,29,Rank 3.17%,"Rank 3.17%, Score 0.0168, BULL",BULL Hard stop (-21.0%),BULL Hard stop (-21.0%),BULL,csi500
601608,中信重工,专用机械,20200108,4.16,20200205,3.25,1300,-1875.2,-21.88%,28,Rank 2.54%,"Rank 2.54%, Score 0.0173, BULL",BULL Hard stop (-21.9%),BULL Hard stop (-21.9%),BULL,csi500
600095,湘财股份,证券,20200108,10.41,20200205,8.06,200,-1575.4,-22.57%,28,Rank 3.17%,"Rank 3.17%, Score 0.0153, BULL",BULL Hard stop (-22.6%),BULL Hard stop (-22.6%),BULL,csi500
300432,富临精工,汽车配件,20200121,11.18,20200205,9.48,200,-1072.4,-15.21%,15,Rank 1.90%,"Rank 1.90%, Score 0.0226, BULL",BULL Hard stop (-15.2%),BULL Hard stop (-15.2%),BULL,csi500
600129,太极集团,中成药,20200123,11.54,20200210,13.47,200,1195.2,16.72%,18,Rank 1.47%,"Rank 1.47%, Score 0.0142, BULL",BULL rank exit (55.0%),BULL rank exit (55.0%),BULL,csi500
002299,圣农发展,农业综合,20200123,21.45,20200210,21.4,100,-18.4,-0.23%,18,Rank 1.89%,"Rank 1.89%, Score 0.0130, BULL",BULL rank exit (73.1%),BULL rank exit (73.1%),BULL,csi500
603707,健友股份,生物制药,20200121,50.0,20200214,52.75,100,457.0,5.50%,24,Rank 0.42%,"Rank 0.42%, Score 0.0359, BULL",BULL rank exit (65.8%),BULL rank exit (65.8%),BULL,csi500
002739,万达电影,影视音像,20200203,15.56,20200221,17.36,100,540.4,11.57%,18,Rank 0.21%,"Rank 0.21%, Score 0.0514, BULL",BULL rank exit (82.2%),BULL rank exit (82.2%),BULL,csi500
600143,金发科技,塑料,20200122,8.9,20200224,9.42,100,981.3,5.84%,33,Rank 0.21%,"Rank 0.21%, Score 0.0361, BULL",BEAR rank exit (45.4%),BEAR rank exit (45.4%),BEAR,csi500
601636,旗滨集团,玻璃,20200203,4.86,20200224,5.64,300,729.2,16.05%,21,Rank 3.79%,"Rank 3.79%, Score 0.0265, BULL",BEAR rank exit (31.0%),BEAR rank exit (31.0%),BEAR,csi500
688005,容百科技,电气设备,20200204,29.0,20200224,44.01,100,1495.3,51.76%,20,Rank 4.21%,"Rank 4.21%, Score 0.0037, BULL",BEAR trailing stop (15.4%),BEAR trailing stop (15.4%),BEAR,csi500
603129,春风动力,摩托车,20200205,45.1,20200224,47.84,100,275.2,6.08%,19,Rank 3.79%,"Rank 3.79%, Score 0.0156, BULL",BEAR rank exit (55.2%),BEAR rank exit (55.2%),BEAR,csi500
002563,森马服饰,服饰,20200207,8.1,20200224,8.4,100,146.3,3.70%,17,Rank 4.21%,"Rank 4.21%, Score 0.0079, BULL",BEAR rank exit (38.1%),BEAR rank exit (38.1%),BEAR,csi500
603920,世运电路,元器件,20200210,26.07,20200224,28.0,200,405.9,7.40%,14,Rank 0.42%,"Rank 0.42%, Score 0.0250, BULL",BEAR rank exit (89.1%),BEAR rank exit (89.1%),BEAR,csi500
603077,和邦生物,化工原料,20200210,1.59,20200224,1.6,200,22.1,0.63%,14,Rank 1.89%,"Rank 1.89%, Score 0.0149, BULL",BEAR rank exit (21.5%),BEAR rank exit (21.5%),BEAR,csi500
002432,九安医疗,医疗保健,20200212,6.2,20200224,6.55,300,313.8,5.65%,12,Rank 0.63%,"Rank 0.63%, Score 0.0183, BULL",BEAR rank exit (51.0%),BEAR rank exit (51.0%),BEAR,csi500
603056,德邦股份,仓储物流,20200212,10.65,20200224,11.46,400,325.1,7.61%,12,Rank 4.19%,"Rank 4.19%, Score 0.0078, BULL",BEAR rank exit (77.0%),BEAR rank exit (77.0%),BEAR,csi500
002126,银轮股份,汽车配件,20200103,8.16,20200225,11.0,100,1550.3,34.80%,53,Rank 4.22%,"Rank 4.22%, Score 0.0135, BULL",BEAR trailing stop (10.6%),BEAR trailing stop (10.6%),BEAR,csi500
300724,捷佳伟创,专用机械,20200206,53.02,20200225,72.1,100,1910.8,35.99%,19,Rank 4.42%,"Rank 4.42%, Score 0.0158, BULL",BEAR trailing stop (12.0%),BEAR trailing stop (12.0%),BEAR,csi500
002958,青农商行,银行,20200211,5.42,20200226,5.6,1000,176.2,3.32%,15,Rank 4.20%,"Rank 4.20%, Score 0.0048, BULL",BEAR rank exit (23.6%),BEAR rank exit (23.6%),BEAR,csi500
002797,第一创业,证券,20200211,7.15,20200226,7.99,400,536.4,11.75%,15,Rank 4.62%,"Rank 4.62%, Score 0.0042, BULL",BEAR rank exit (45.4%),BEAR rank exit (45.4%),BEAR,csi500
601108,财通证券,证券,20200211,10.33,20200226,12.16,400,742.1,17.72%,15,Rank 4.83%,"Rank 4.83%, Score 0.0038, BULL",BEAR rank exit (46.4%),BEAR rank exit (46.4%),BEAR,csi500
002939,长城证券,证券,20200212,12.13,20200226,13.69,300,468.7,12.86%,14,Rank 4.82%,"Rank 4.82%, Score 0.0066, BULL",BEAR rank exit (39.3%),BEAR rank exit (39.3%),BEAR,csi500
002603,以岭药业,中成药,20200213,16.92,20200226,16.95,400,8.6,0.18%,13,Rank 0.21%,"Rank 0.21%, Score 0.0354, BULL",BEAR rank exit (30.3%),BEAR rank exit (30.3%),BEAR,csi500
002185,华天科技,半导体,20200109,7.5,20200227,15.27,100,8050.0,103.60%,49,Rank 1.48%,"Rank 1.48%, Score 0.0310, BULL",BEAR trailing stop (11.0%),BEAR trailing stop (11.0%),BEAR,csi500
600808,马钢股份,普钢,20200211,2.7,20200227,2.79,1000,184.3,3.33%,16,Rank 3.57%,"Rank 3.57%, Score 0.0054, BULL",BEAR rank exit (54.4%),BEAR rank exit (54.4%),BEAR,csi500
002683,广东宏大,化工原料,20200106,19.33,20200228,32.23,100,3444.3,66.74%,53,Rank 1.27%,"Rank 1.27%, Score 0.0245, BULL",BEAR trailing stop (14.1%),BEAR trailing stop (14.1%),BEAR,csi500
002414,高德红外,电器仪表,20200107,24.0,20200228,45.1,100,6667.8,87.92%,52,Rank 1.90%,"Rank 1.90%, Score 0.0195, BULL",BEAR trailing stop (14.9%),BEAR trailing stop (14.9%),BEAR,csi500
002429,兆驰股份,家用电器,20200203,3.5,20200228,5.74,100,1999.8,64.00%,25,Rank 4.00%,"Rank 4.00%, Score 0.0264, BULL",BEAR trailing stop (14.6%),BEAR trailing stop (14.6%),BEAR,csi500
300432,富临精工,汽车配件,20200205,9.48,20200228,10.99,100,468.4,15.93%,23,Rank 1.89%,"Rank 1.89%, Score 0.0274, BULL",BEAR trailing stop (10.9%),BEAR trailing stop (10.9%),BEAR,csi500
601212,白银有色,铜,20200207,2.95,20200228,3.23,1800,498.3,9.49%,21,Rank 3.16%,"Rank 3.16%, Score 0.0087, BULL",BEAR trailing stop (12.7%),BEAR trailing stop (12.7%),BEAR,csi500
300748,金力永磁,矿物制品,20200212,32.13,20200228,32.7,100,53.0,1.77%,16,Rank 3.14%,"Rank 3.14%, Score 0.0102, BULL",BEAR trailing stop (11.1%),BEAR trailing stop (11.1%),BEAR,csi500
600095,湘财股份,证券,20200212,8.69,20200228,9.0,100,99.5,3.57%,16,Rank 3.56%,"Rank 3.56%, Score 0.0089, BULL",BEAR trailing stop (10.0%),BEAR trailing stop (10.0%),BEAR,csi500
002436,兴森科技,元器件,20200214,12.29,20200228,13.33,100,1329.7,8.46%,14,Rank 0.21%,"Rank 0.21%, Score 0.0345, BULL",BEAR trailing stop (24.9%),BEAR trailing stop (24.9%),BEAR,csi500
688002,睿创微纳,通信设备,20200221,49.34,20200228,44.1,100,-529.7,-10.62%,7,Rank 0.63%,"Rank 0.63%, Score 0.0316, BULL",BEAR trailing stop (12.0%),BEAR trailing stop (12.0%),BEAR,csi500
300677,英科医疗,医疗保健,20200109,21.18,20200303,42.16,200,8472.2,99.06%,54,Rank 1.90%,"Rank 1.90%, Score 0.0292, BULL",BEAR trailing stop (11.8%),BEAR trailing stop (11.8%),BEAR,csi500
600988,赤峰黄金,黄金,20200212,6.57,20200310,7.2,100,338.8,9.59%,27,Rank 1.05%,"Rank 1.05%, Score 0.0145, BULL",BULL trailing stop (23.3%),BULL trailing stop (23.3%),BULL,csi500
002185,华天科技,半导体,20200228,14.05,20200310,12.0,100,-2145.5,-14.59%,11,Rank 0.21%,"Rank 0.21%, Score 0.0728, BEAR",BULL Hard stop (-14.6%),BULL Hard stop (-14.6%),BULL,csi500
300058,蓝色光标,广告包装,20200303,7.66,20200310,6.69,100,-1855.1,-12.66%,7,Rank 2.51%,"Rank 2.51%, Score 0.0338, BEAR",BULL Hard stop (-12.7%),BULL Hard stop (-12.7%),BULL,csi500
000066,中国长城,IT设备,20200228,14.4,20200313,13.08,100,-1445.6,-9.17%,14,Rank 1.26%,"Rank 1.26%, Score 0.0287, BEAR",BULL trailing stop (18.2%),BULL trailing stop (18.2%),BULL,csi500
688166,博瑞医药,化学制药,20200309,49.5,20200313,42.0,100,-755.5,-15.15%,4,Rank 0.63%,"Rank 0.63%, Score 0.0389, BULL",BULL Hard stop (-15.2%),BULL Hard stop (-15.2%),BULL,csi500
600416,湘电股份,电气设备,20200207,5.92,20200317,10.08,200,2843.0,70.27%,39,Rank 4.42%,"Rank 4.42%, Score 0.0074, BULL",BULL trailing stop (20.8%),BULL trailing stop (20.8%),BULL,csi500
688019,安集科技,半导体,20200228,150.8,20200317,157.15,100,614.6,4.21%,18,Rank 0.42%,"Rank 0.42%, Score 0.0474, BEAR",BULL rank exit (43.3%),BULL rank exit (43.3%),BULL,csi500
002131,利欧股份,互联网,20200228,4.04,20200317,4.47,100,1851.5,10.64%,18,Rank 1.05%,"Rank 1.05%, Score 0.0332, BEAR",BULL rank exit (96.8%),BULL rank exit (96.8%),BULL,csi500
688005,容百科技,电气设备,20200305,39.98,20200317,33.35,100,-667.3,-16.58%,12,Rank 0.42%,"Rank 0.42%, Score 0.0555, BULL",BULL Hard stop (-16.6%),BULL Hard stop (-16.6%),BULL,csi500
603920,世运电路,元器件,20200306,23.95,20200317,21.0,100,-319.1,-12.32%,11,Rank 3.97%,"Rank 3.97%, Score 0.0107, BULL",BULL Hard stop (-12.3%),BULL Hard stop (-12.3%),BULL,csi500
688099,晶晨股份,半导体,20200228,64.63,20200318,57.02,300,-2305.2,-11.77%,19,Rank 0.63%,"Rank 0.63%, Score 0.0454, BEAR",BEAR trailing stop (16.4%),BEAR trailing stop (16.4%),BEAR,csi500
600109,国金证券,证券,20200228,10.37,20200318,9.5,200,-1519.9,-8.39%,19,Rank 0.84%,"Rank 0.84%, Score 0.0441, BEAR",BEAR trailing stop (13.6%),BEAR trailing stop (13.6%),BEAR,csi500
002487,大金重工,电气设备,20200305,4.9,20200318,4.74,200,-152.5,-3.27%,13,Rank 4.81%,"Rank 4.81%, Score 0.0130, BULL",BEAR rank exit (29.4%),BEAR rank exit (29.4%),BEAR,csi500
601666,平煤股份,煤炭开采,20200306,4.56,20200318,4.35,400,-217.7,-4.61%,12,Rank 2.51%,"Rank 2.51%, Score 0.0183, BULL",BEAR rank exit (30.9%),BEAR rank exit (30.9%),BEAR,csi500
603650,彤程新材,化工原料,20200306,18.25,20200318,16.1,200,-441.6,-11.78%,12,Rank 4.60%,"Rank 4.60%, Score 0.0092, BULL",BEAR trailing stop (14.8%),BEAR trailing stop (14.8%),BEAR,csi500
603179,新泉股份,汽车配件,20200310,20.94,20200318,22.82,100,269.3,8.98%,8,Rank 1.89%,"Rank 1.89%, Score 0.0428, BULL",BEAR rank exit (67.6%),BEAR rank exit (67.6%),BEAR,csi500
600988,赤峰黄金,黄金,20200311,7.46,20200319,6.53,100,-512.3,-12.47%,8,Rank 1.47%,"Rank 1.47%, Score 0.0478, BULL",BEAR Hard stop (-12.5%),BEAR Hard stop (-12.5%),BEAR,csi500
300803,指南针,软件服务,20200312,58.0,20200319,55.49,100,-258.2,-4.33%,7,Rank 2.52%,"Rank 2.52%, Score 0.0380, BULL",BEAR trailing stop (14.5%),BEAR trailing stop (14.5%),BEAR,csi500
002126,银轮股份,汽车配件,20200312,10.08,20200319,8.76,100,-730.5,-13.10%,7,Rank 4.41%,"Rank 4.41%, Score 0.0261, BULL",BEAR Hard stop (-13.1%),BEAR Hard stop (-13.1%),BEAR,csi500
600707,彩虹股份,元器件,20200316,4.65,20200319,4.16,600,-675.5,-10.54%,3,Rank 2.10%,"Rank 2.10%, Score 0.0342, BULL",BEAR trailing stop (10.5%),BEAR trailing stop (10.5%),BEAR,csi500
000733,振华科技,元器件,20200310,22.1,20200320,22.88,100,164.8,3.53%,10,Rank 2.10%,"Rank 2.10%, Score 0.0420, BULL",BEAR rank exit (25.7%),BEAR rank exit (25.7%),BEAR,csi500
300390,天华新能,电气设备,20200313,9.86,20200323,8.79,100,-667.6,-10.85%,10,Rank 0.21%,"Rank 0.21%, Score 0.0943, BULL",BEAR trailing stop (10.9%),BEAR trailing stop (10.9%),BEAR,csi500
002429,兆驰股份,家用电器,20200313,4.48,20200323,4.59,100,93.2,2.46%,10,Rank 1.89%,"Rank 1.89%, Score 0.0498, BULL",BEAR rank exit (27.8%),BEAR rank exit (27.8%),BEAR,csi500
688166,博瑞医药,化学制药,20200313,42.0,20200323,40.69,100,-136.3,-3.12%,10,Rank 3.56%,"Rank 3.56%, Score 0.0310, BULL",BEAR trailing stop (11.0%),BEAR trailing stop (11.0%),BEAR,csi500
600416,湘电股份,电气设备,20200317,10.08,20200323,8.96,200,-775.8,-11.11%,6,Rank 3.99%,"Rank 3.99%, Score 0.0314, BULL",BEAR trailing stop (11.5%),BEAR trailing stop (11.5%),BEAR,csi500
300735,光弘科技,元器件,20200316,29.95,20200324,27.37,100,-348.2,-8.61%,8,Rank 2.52%,"Rank 2.52%, Score 0.0309, BULL",BEAR rank exit (24.7%),BEAR rank exit (24.7%),BEAR,csi500
002625,光启技术,航空,20200316,8.06,20200324,7.68,100,-258.8,-4.71%,8,Rank 3.15%,"Rank 3.15%, Score 0.0266, BULL",BEAR rank exit (65.1%),BEAR rank exit (65.1%),BEAR,csi500
600095,湘财股份,证券,20200316,9.33,20200324,9.5,100,52.6,1.82%,8,Rank 4.41%,"Rank 4.41%, Score 0.0208, BULL",BEAR rank exit (24.9%),BEAR rank exit (24.9%),BEAR,csi500
600546,山煤国际,煤炭开采,20200317,9.38,20200325,8.93,100,-374.0,-4.80%,8,Rank 0.42%,"Rank 0.42%, Score 0.0626, BULL",BEAR rank exit (79.7%),BEAR rank exit (79.7%),BEAR,csi500
002683,广东宏大,化工原料,20200317,25.95,20200325,26.47,100,130.1,2.00%,8,Rank 1.05%,"Rank 1.05%, Score 0.0546, BULL",BEAR rank exit (83.2%),BEAR rank exit (83.2%),BEAR,csi500
300100,双林股份,汽车配件,20200317,5.28,20200326,5.19,300,-97.3,-1.70%,9,Rank 4.83%,"Rank 4.83%, Score 0.0279, BULL",BEAR rank exit (30.4%),BEAR rank exit (30.4%),BEAR,csi500
002837,英维克,专用机械,20200323,41.18,20200330,39.02,200,-1106.2,-5.25%,7,Rank 0.42%,"Rank 0.42%, Score 0.0539, BEAR",BEAR trailing stop (11.6%),BEAR trailing stop (11.6%),BEAR,csi500
600416,湘电股份,电气设备,20200323,8.96,20200401,8.02,600,-1954.8,-10.49%,9,Rank 0.21%,"Rank 0.21%, Score 0.0600, BEAR",BEAR trailing stop (10.9%),BEAR trailing stop (10.9%),BEAR,csi500
601231,环旭电子,元器件,20200323,17.39,20200401,15.95,500,-1568.5,-8.28%,9,Rank 0.63%,"Rank 0.63%, Score 0.0516, BEAR",BEAR trailing stop (10.6%),BEAR trailing stop (10.6%),BEAR,csi500
603786,科博达,汽车配件,20200324,46.23,20200401,47.37,400,431.4,2.47%,8,Rank 1.05%,"Rank 1.05%, Score 0.0690, BEAR",BEAR rank exit (23.9%),BEAR rank exit (23.9%),BEAR,csi500
002056,横店东磁,电气设备,20200324,11.0,20200401,9.91,200,-1906.1,-9.91%,8,Rank 1.26%,"Rank 1.26%, Score 0.0654, BEAR",BEAR trailing stop (12.6%),BEAR trailing stop (12.6%),BEAR,csi500
603185,弘元绿能,电气设备,20200325,33.94,20200402,37.13,400,1766.5,9.40%,8,Rank 0.21%,"Rank 0.21%, Score 0.0666, BEAR",BEAR rank exit (99.8%),BEAR rank exit (99.8%),BEAR,csi500
002384,东山精密,元器件,20200324,21.29,20200403,22.43,100,810.7,5.35%,10,Rank 0.84%,"Rank 0.84%, Score 0.0709, BEAR",BEAR rank exit (87.2%),BEAR rank exit (87.2%),BEAR,csi500
002837,英维克,专用机械,20200330,39.02,20200408,39.23,200,79.6,0.54%,9,Rank 0.21%,"Rank 0.21%, Score 0.0762, BEAR",BEAR rank exit (49.0%),BEAR rank exit (49.0%),BEAR,csi500
002583,海能达,通信设备,20200401,5.78,20200409,6.21,500,1185.9,7.44%,8,Rank 0.84%,"Rank 0.84%, Score 0.0544, BEAR",BEAR rank exit (49.4%),BEAR rank exit (49.4%),BEAR,csi500
300339,润和软件,软件服务,20200401,9.4,20200410,10.51,300,2080.1,11.81%,9,Rank 0.63%,"Rank 0.63%, Score 0.0549, BEAR",BEAR rank exit (41.8%),BEAR rank exit (41.8%),BEAR,csi500
300207,欣旺达,电气设备,20200402,14.42,20200413,14.2,200,-326.3,-1.53%,11,Rank 0.63%,"Rank 0.63%, Score 0.0531, BEAR",BEAR trailing stop (11.1%),BEAR trailing stop (11.1%),BEAR,csi500
300432,富临精工,汽车配件,20200403,8.82,20200413,10.2,700,2995.8,15.65%,10,Rank 2.10%,"Rank 2.10%, Score 0.0244, BEAR",BEAR rank exit (98.3%),BEAR rank exit (98.3%),BEAR,csi500
603129,春风动力,摩托车,20200401,30.95,20200415,35.47,600,2758.4,14.60%,14,Rank 0.42%,"Rank 0.42%, Score 0.0585, BEAR",BEAR rank exit (100.0%),BEAR rank exit (100.0%),BEAR,csi500
002044,美年健康,医疗保健,20200409,12.42,20200416,10.9,100,-1489.8,-12.24%,7,Rank 1.67%,"Rank 1.67%, Score 0.0169, BEAR",BEAR Hard stop (-12.2%),BEAR Hard stop (-12.2%),BEAR,csi500
688099,晶晨股份,半导体,20200326,51.91,20200420,51.5,400,-190.8,-0.79%,25,Rank 1.05%,"Rank 1.05%, Score 0.0441, BEAR",BEAR rank exit (63.4%),BEAR rank exit (63.4%),BEAR,csi500
002131,利欧股份,互联网,20200331,3.99,20200420,3.7,100,-1286.8,-7.27%,20,Rank 0.42%,"Rank 0.42%, Score 0.0630, BEAR",BEAR trailing stop (11.5%),BEAR trailing stop (11.5%),BEAR,csi500
002384,东山精密,元器件,20200413,21.9,20200421,23.77,100,1342.2,8.54%,8,Rank 0.63%,"Rank 0.63%, Score 0.0471, BEAR",BEAR rank exit (97.3%),BEAR rank exit (97.3%),BEAR,csi500
300748,金力永磁,矿物制品,20200325,27.8,20200427,28.93,700,768.0,4.06%,33,Rank 0.42%,"Rank 0.42%, Score 0.0620, BEAR",BEAR trailing stop (11.9%),BEAR trailing stop (11.9%),BEAR,csi500
600511,国药股份,医药商业,20200420,35.95,20200427,32.09,100,-2134.5,-10.74%,7,Rank 0.63%,"Rank 0.63%, Score 0.0296, BEAR",BEAR trailing stop (10.7%),BEAR trailing stop (10.7%),BEAR,csi500
300390,天华新能,电气设备,20200420,10.48,20200428,9.85,300,-1190.4,-6.01%,8,Rank 1.05%,"Rank 1.05%, Score 0.0253, BEAR",BEAR trailing stop (10.8%),BEAR trailing stop (10.8%),BEAR,csi500
300207,欣旺达,电气设备,20200413,14.2,20200429,13.07,200,-1569.3,-7.96%,16,Rank 0.42%,"Rank 0.42%, Score 0.0580, BEAR",BEAR trailing stop (12.2%),BEAR trailing stop (12.2%),BEAR,csi500
300339,润和软件,软件服务,20200416,9.93,20200429,9.0,300,-1786.7,-9.37%,13,Rank 0.21%,"Rank 0.21%, Score 0.0495, BEAR",BEAR trailing stop (13.9%),BEAR trailing stop (13.9%),BEAR,csi500
603589,口子窖,白酒,20200421,41.5,20200430,41.86,500,162.2,0.87%,9,Rank 1.05%,"Rank 1.05%, Score 0.0131, BEAR",BEAR rank exit (24.3%),BEAR rank exit (24.3%),BEAR,csi500
300623,捷捷微电,半导体,20200428,33.56,20200506,37.0,200,1972.3,10.25%,8,Rank 0.83%,"Rank 0.83%, Score 0.0400, BEAR",BEAR rank exit (47.8%),BEAR rank exit (47.8%),BEAR,csi500
600546,山煤国际,煤炭开采,20200427,8.74,20200507,10.16,300,3419.6,16.25%,10,Rank 0.62%,"Rank 0.62%, Score 0.0424, BEAR",BEAR rank exit (81.3%),BEAR rank exit (81.3%),BEAR,csi500
600004,白云机场,机场,20200408,12.9,20200508,14.15,600,1907.3,9.69%,30,Rank 1.46%,"Rank 1.46%, Score 0.0203, BEAR",BEAR trailing stop (10.4%),BEAR trailing stop (10.4%),BEAR,csi500
688019,安集科技,半导体,20200415,142.5,20200508,265.0,100,12215.6,85.96%,23,Rank 1.05%,"Rank 1.05%, Score 0.0291, BEAR",BEAR trailing stop (11.8%),BEAR trailing stop (11.8%),BEAR,csi500
002603,以岭药业,中成药,20200429,28.82,20200508,33.99,200,2776.7,17.94%,9,Rank 0.42%,"Rank 0.42%, Score 0.0316, BEAR",BEAR rank exit (99.2%),BEAR rank exit (99.2%),BEAR,csi500
300002,神州泰岳,互联网,20200506,5.2,20200515,5.95,300,3426.8,14.42%,9,Rank 1.04%,"Rank 1.04%, Score 0.0324, BEAR",BEAR rank exit (96.9%),BEAR rank exit (96.9%),BEAR,csi500
601615,明阳智能,电气设备,20200507,11.53,20200525,11.89,2200,762.3,3.12%,18,Rank 1.04%,"Rank 1.04%, Score 0.0119, BEAR",BULL rank exit (73.9%),BULL rank exit (73.9%),BULL,csi500
300676,华大基因,医疗保健,20200508,104.5,20200526,112.1,200,1501.6,7.27%,18,Rank 0.62%,"Rank 0.62%, Score 0.0181, BEAR",BULL rank exit (50.6%),BULL rank exit (50.6%),BULL,csi500
600583,海油工程,石油开采,20200508,4.95,20200526,4.63,200,-1284.0,-6.46%,18,Rank 0.83%,"Rank 0.83%, Score 0.0169, BEAR",BULL rank exit (50.2%),BULL rank exit (50.2%),BULL,csi500
688037,芯源微,半导体,20200430,97.19,20200529,118.97,200,4325.1,22.41%,29,Rank 0.21%,"Rank 0.21%, Score 0.0878, BEAR",BULL trailing stop (20.7%),BULL trailing stop (20.7%),BULL,csi500
600418,江淮汽车,汽车整车,20200601,9.28,20200603,8.71,100,-366.4,-6.14%,2,Rank 0.41%,"Rank 0.41%, Score 0.0528, BULL",BULL trailing stop (18.6%),BULL trailing stop (18.6%),BULL,csi500
002353,杰瑞股份,化工机械,20200508,25.55,20200604,29.56,100,3235.6,15.69%,27,Rank 0.41%,"Rank 0.41%, Score 0.0230, BEAR",BULL rank exit (42.6%),BULL rank exit (42.6%),BULL,csi500
601717,中创智领,专用机械,20200518,5.26,20200605,5.78,100,117.9,9.89%,18,Rank 2.28%,"Rank 2.28%, Score 0.0161, BULL",BULL rank exit (71.1%),BULL rank exit (71.1%),BULL,csi500
601865,福莱特,玻璃,20200518,12.33,20200605,13.82,100,148.2,12.08%,18,Rank 4.97%,"Rank 4.97%, Score 0.0118, BULL",BULL rank exit (62.0%),BULL rank exit (62.0%),BULL,csi500
600901,江苏金租,多元金融,20200518,5.37,20200609,5.39,300,4.1,0.37%,22,Rank 3.31%,"Rank 3.31%, Score 0.0143, BULL",BULL rank exit (44.1%),BULL rank exit (44.1%),BULL,csi500
601636,旗滨集团,玻璃,20200518,5.38,20200610,5.8,100,129.8,7.81%,23,Rank 1.45%,"Rank 1.45%, Score 0.0178, BULL",BULL rank exit (43.5%),BULL rank exit (43.5%),BULL,csi500
000818,航锦科技,化工原料,20200427,21.7,20200612,21.72,500,-8.5,0.09%,46,Rank 0.42%,"Rank 0.42%, Score 0.0616, BEAR",BULL trailing stop (18.7%),BULL trailing stop (18.7%),BULL,csi500
300118,东方日升,电气设备,20200526,11.49,20200615,12.7,100,399.5,10.53%,20,Rank 1.45%,"Rank 1.45%, Score 0.0393, BULL",BULL rank exit (64.1%),BULL rank exit (64.1%),BULL,csi500
002429,兆驰股份,家用电器,20200526,4.85,20200615,4.99,100,119.6,2.89%,20,Rank 1.87%,"Rank 1.87%, Score 0.0359, BULL",BULL rank exit (40.0%),BULL rank exit (40.0%),BULL,csi500
601179,中国西电,电气设备,20200529,5.17,20200616,4.88,1200,-395.4,-5.61%,18,Rank 2.48%,"Rank 2.48%, Score 0.0164, BULL",BULL rank exit (38.6%),BULL rank exit (38.6%),BULL,csi500
603893,瑞芯微,半导体,20200529,60.0,20200616,63.11,100,335.6,5.73%,18,Rank 4.76%,"Rank 4.76%, Score 0.0121, BULL",BULL rank exit (74.4%),BULL rank exit (74.4%),BULL,csi500
300679,电连技术,元器件,20200529,31.91,20200617,34.59,100,668.4,8.98%,19,Rank 0.83%,"Rank 0.83%, Score 0.0225, BULL",BULL rank exit (42.1%),BULL rank exit (42.1%),BULL,csi500
601099,太平洋,证券,20200601,3.19,20200619,3.14,600,-92.5,-1.57%,18,Rank 4.97%,"Rank 4.97%, Score 0.0139, BULL",BULL rank exit (59.5%),BULL rank exit (59.5%),BULL,csi500
601233,桐昆股份,化纤,20200529,12.36,20200622,12.81,100,131.9,3.64%,24,Rank 3.73%,"Rank 3.73%, Score 0.0152, BULL",BULL rank exit (43.2%),BULL rank exit (43.2%),BULL,csi500
600157,永泰能源,火力发电,20200601,1.21,20200622,1.29,100,397.6,6.61%,21,Rank 2.90%,"Rank 2.90%, Score 0.0202, BULL",BULL rank exit (42.8%),BULL rank exit (42.8%),BULL,csi500
300339,润和软件,软件服务,20200602,9.68,20200622,9.5,300,-365.0,-1.86%,20,Rank 1.45%,"Rank 1.45%, Score 0.0152, BULL",BULL rank exit (67.1%),BULL rank exit (67.1%),BULL,csi500
000723,美锦能源,焦炭加工,20200602,6.5,20200622,6.47,200,-51.5,-0.46%,20,Rank 2.69%,"Rank 2.69%, Score 0.0130, BULL",BULL rank exit (53.9%),BULL rank exit (53.9%),BULL,csi500
600166,福田汽车,汽车整车,20200603,1.8,20200622,1.86,300,452.9,3.33%,19,Rank 0.62%,"Rank 0.62%, Score 0.0149, BULL",BULL rank exit (62.2%),BULL rank exit (62.2%),BULL,csi500
601108,财通证券,证券,20200604,10.15,20200622,10.47,2500,783.4,3.15%,18,Rank 0.21%,"Rank 0.21%, Score 0.0205, BULL",BULL rank exit (51.0%),BULL rank exit (51.0%),BULL,csi500
300432,富临精工,汽车配件,20200612,8.33,20200630,8.2,400,-299.5,-1.56%,18,Rank 0.21%,"Rank 0.21%, Score 0.0315, BULL",BULL rank exit (42.1%),BULL rank exit (42.1%),BULL,csi500
600363,联创光电,元器件,20200601,13.02,20200701,15.5,200,1591.0,19.05%,30,Rank 1.86%,"Rank 1.86%, Score 0.0232, BULL",BULL rank exit (51.9%),BULL rank exit (51.9%),BULL,csi500
000683,博源化工,化工原料,20200520,1.77,20200703,1.91,100,103.9,7.91%,44,Rank 3.32%,"Rank 3.32%, Score 0.0137, BULL",BULL rank exit (55.2%),BULL rank exit (55.2%),BULL,csi500
000830,鲁西化工,化工原料,20200601,7.12,20200703,8.2,100,727.0,15.17%,32,Rank 2.28%,"Rank 2.28%, Score 0.0224, BULL",BULL rank exit (35.7%),BULL rank exit (35.7%),BULL,csi500
601577,长沙银行,银行,20200610,7.84,20200703,8.48,200,129.5,8.16%,23,Rank 0.82%,"Rank 0.82%, Score 0.0158, BULL",BULL rank exit (45.9%),BULL rank exit (45.9%),BULL,csi500
002851,麦格米特,电气设备,20200615,23.77,20200703,26.0,100,535.8,10.08%,18,Rank 0.41%,"Rank 0.41%, Score 0.0252, BULL",BULL rank exit (78.9%),BULL rank exit (78.9%),BULL,csi500
603486,科沃斯,家用电器,20200615,28.51,20200703,32.21,100,517.1,12.98%,18,Rank 3.30%,"Rank 3.30%, Score 0.0106, BULL",BULL rank exit (84.1%),BULL rank exit (84.1%),BULL,csi500
601965,中国汽研,汽车服务,20200605,9.79,20200706,9.31,100,-38.6,-2.22%,31,Rank 2.48%,"Rank 2.48%, Score 0.0111, BULL",BULL rank exit (45.5%),BULL rank exit (45.5%),BULL,csi500
603826,坤彩科技,染料涂料,20200622,34.2,20200710,32.3,200,-512.2,-5.56%,18,Rank 0.83%,"Rank 0.83%, Score 0.0198, BULL",BULL rank exit (50.5%),BULL rank exit (50.5%),BULL,csi500
002624,完美世界,互联网,20200622,51.5,20200710,59.69,100,1681.5,15.90%,18,Rank 1.45%,"Rank 1.45%, Score 0.0159, BULL",BULL rank exit (62.7%),BULL rank exit (62.7%),BULL,csi500
600839,四川长虹,家用电器,20200622,2.97,20200710,3.34,100,1019.9,12.46%,18,Rank 1.65%,"Rank 1.65%, Score 0.0157, BULL",BULL rank exit (77.7%),BULL rank exit (77.7%),BULL,csi500
000967,盈峰环境,环境保护,20200622,8.3,20200710,8.63,100,217.8,5.33%,18,Rank 2.27%,"Rank 2.27%, Score 0.0115, BULL",BULL rank exit (62.9%),BULL rank exit (62.9%),BULL,csi500
601000,唐山港,港口,20200529,2.25,20200713,2.58,500,1055.8,19.40%,45,Rank 4.97%,"Rank 4.97%, Score 0.0107, BULL",BULL rank exit (35.3%),BULL rank exit (35.3%),BULL,csi500
600816,建元信托,多元金融,20200616,1.88,20200713,2.24,100,1105.7,19.15%,27,Rank 0.41%,"Rank 0.41%, Score 0.0286, BULL",BULL rank exit (52.6%),BULL rank exit (52.6%),BULL,csi500
603650,彤程新材,化工原料,20200522,17.03,20200715,33.5,100,1726.6,99.94%,54,Rank 4.98%,"Rank 4.98%, Score 0.0191, BULL",BULL trailing stop (18.3%),BULL trailing stop (18.3%),BULL,csi500
601128,常熟银行,银行,20200609,7.74,20200715,7.96,200,88.1,5.46%,36,Rank 2.06%,"Rank 2.06%, Score 0.0193, BULL",BULL rank exit (45.8%),BULL rank exit (45.8%),BULL,csi500
601966,玲珑轮胎,汽车配件,20200622,21.03,20200715,22.83,300,565.0,8.56%,23,Rank 3.10%,"Rank 3.10%, Score 0.0097, BULL",BULL rank exit (42.1%),BULL rank exit (42.1%),BULL,csi500
000932,华菱钢铁,普钢,20200622,3.91,20200715,4.6,700,1032.5,17.65%,23,Rank 3.31%,"Rank 3.31%, Score 0.0087, BULL",BULL rank exit (65.4%),BULL rank exit (65.4%),BULL,csi500
601991,大唐发电,火力发电,20200611,2.12,20200716,2.36,500,305.7,11.32%,35,Rank 1.03%,"Rank 1.03%, Score 0.0152, BULL",BULL rank exit (38.8%),BULL rank exit (38.8%),BULL,csi500
688005,容百科技,电气设备,20200515,31.7,20200717,34.56,800,2323.8,9.31%,63,Rank 0.21%,"Rank 0.21%, Score 0.0319, BEAR",BULL trailing stop (19.7%),BULL trailing stop (19.7%),BULL,csi500
600863,华能蒙电,火力发电,20200617,2.51,20200717,2.62,300,561.2,4.38%,30,Rank 1.24%,"Rank 1.24%, Score 0.0172, BULL",BULL rank exit (37.8%),BULL rank exit (37.8%),BULL,csi500
600418,江淮汽车,汽车整车,20200630,8.8,20200717,9.43,500,1947.0,7.16%,17,Rank 0.21%,"Rank 0.21%, Score 0.0200, BULL",BULL trailing stop (21.4%),BULL trailing stop (21.4%),BULL,csi500
601212,白银有色,铜,20200710,3.2,20200717,2.81,2800,-1106.3,-12.19%,7,Rank 0.82%,"Rank 0.82%, Score 0.0432, BULL",BULL Hard stop (-12.2%),BULL Hard stop (-12.2%),BULL,csi500
002409,雅克科技,半导体,20200410,31.9,20200727,56.97,200,15770.8,78.81%,108,Rank 0.42%,"Rank 0.42%, Score 0.0296, BEAR",BULL trailing stop (18.7%),BULL trailing stop (18.7%),BULL,csi500
601231,环旭电子,元器件,20200525,16.6,20200727,20.18,100,801.9,22.65%,63,Rank 3.31%,"Rank 3.31%, Score 0.0295, BULL",BULL trailing stop (19.4%),BULL trailing stop (19.4%),BULL,csi500
002797,第一创业,证券,20200703,7.6,20200728,10.0,300,1160.8,31.58%,25,Rank 2.69%,"Rank 2.69%, Score 0.0128, BULL",BULL trailing stop (18.6%),BULL trailing stop (18.6%),BULL,csi500
000958,电投产融,新型电力,20200703,4.36,20200728,4.76,100,176.0,9.17%,25,Rank 4.34%,"Rank 4.34%, Score 0.0112, BULL",BULL rank exit (40.2%),BULL rank exit (40.2%),BULL,csi500
601333,广深铁路,铁路,20200710,2.55,20200728,2.41,2100,-394.4,-5.49%,18,Rank 1.65%,"Rank 1.65%, Score 0.0338, BULL",BULL rank exit (90.3%),BULL rank exit (90.3%),BULL,csi500
600968,海油发展,石油开采,20200710,2.71,20200728,2.47,1900,-468.9,-8.86%,18,Rank 1.86%,"Rank 1.86%, Score 0.0305, BULL",BULL rank exit (35.9%),BULL rank exit (35.9%),BULL,csi500
601598,中国外运,仓储物流,20200710,3.79,20200728,3.35,1000,-341.4,-8.64%,18,Rank 2.06%,"Rank 2.06%, Score 0.0260, BULL",BULL rank exit (62.3%),BULL rank exit (62.3%),BULL,csi500
601866,中远海发,水运,20200707,2.25,20200729,2.01,2400,-495.2,-8.88%,22,Rank 1.65%,"Rank 1.65%, Score 0.0243, BULL",BULL rank exit (39.8%),BULL rank exit (39.8%),BULL,csi500
601228,广州港,港口,20200715,3.49,20200803,3.4,1200,-116.6,-2.58%,19,Rank 4.33%,"Rank 4.33%, Score 0.0181, BULL",BULL rank exit (46.9%),BULL rank exit (46.9%),BULL,csi500
300390,天华新能,电气设备,20200716,17.87,20200803,19.8,100,1180.9,10.80%,18,Rank 0.62%,"Rank 0.62%, Score 0.0432, BULL",BULL rank exit (88.7%),BULL rank exit (88.7%),BULL,csi500
002926,华西证券,证券,20200703,11.98,20200804,13.07,400,434.5,9.10%,32,Rank 1.86%,"Rank 1.86%, Score 0.0160, BULL",BULL rank exit (39.7%),BULL rank exit (39.7%),BULL,csi500
601179,中国西电,电气设备,20200717,5.52,20200804,5.59,1800,126.8,1.27%,18,Rank 1.03%,"Rank 1.03%, Score 0.0454, BULL",BULL rank exit (47.9%),BULL rank exit (47.9%),BULL,csi500
000959,首钢股份,普钢,20200717,4.44,20200804,4.45,900,8.5,0.23%,18,Rank 1.24%,"Rank 1.24%, Score 0.0438, BULL",BULL rank exit (38.7%),BULL rank exit (38.7%),BULL,csi500
600909,华安证券,证券,20200706,8.21,20200805,8.71,600,304.7,6.09%,30,Rank 1.24%,"Rank 1.24%, Score 0.0278, BULL",BULL rank exit (60.3%),BULL rank exit (60.3%),BULL,csi500
601858,中国科传,出版业,20200715,10.1,20200810,9.19,300,-289.7,-9.01%,26,Rank 4.54%,"Rank 4.54%, Score 0.0178, BULL",BULL rank exit (37.2%),BULL rank exit (37.2%),BULL,csi500
601108,财通证券,证券,20200717,12.75,20200810,14.7,1100,2197.7,15.29%,24,Rank 0.62%,"Rank 0.62%, Score 0.0479, BULL",BULL trailing stop (19.6%),BULL trailing stop (19.6%),BULL,csi500
600208,衢州发展,全国地产,20200707,3.53,20200811,3.42,100,-71.4,-2.84%,35,Rank 2.07%,"Rank 2.07%, Score 0.0227, BULL",BULL rank exit (58.6%),BULL rank exit (58.6%),BULL,csi500
000723,美锦能源,焦炭加工,20200715,7.27,20200811,6.51,100,-515.1,-10.45%,27,Rank 1.86%,"Rank 1.86%, Score 0.0345, BULL",BULL rank exit (44.7%),BULL rank exit (44.7%),BULL,csi500
002517,恺英网络,互联网,20200701,3.49,20200813,5.94,1300,19792.7,70.20%,43,Rank 0.21%,"Rank 0.21%, Score 0.0250, BULL",BULL trailing stop (18.6%),BULL trailing stop (18.6%),BULL,csi500
600988,赤峰黄金,黄金,20200713,13.11,20200813,19.25,100,3337.7,46.83%,31,Rank 2.06%,"Rank 2.06%, Score 0.0338, BULL",BULL trailing stop (20.2%),BULL trailing stop (20.2%),BULL,csi500
688278,特宝生物,生物制药,20200727,56.42,20200814,63.1,500,3300.6,11.84%,18,Rank 0.21%,"Rank 0.21%, Score 0.0607, BULL",BULL rank exit (87.2%),BULL rank exit (87.2%),BULL,csi500
603893,瑞芯微,半导体,20200727,84.71,20200814,85.78,200,192.7,1.26%,18,Rank 0.41%,"Rank 0.41%, Score 0.0401, BULL",BULL rank exit (68.0%),BULL rank exit (68.0%),BULL,csi500
002958,青农商行,银行,20200728,5.57,20200817,5.75,1400,254.7,3.23%,20,Rank 0.82%,"Rank 0.82%, Score 0.0448, BULL",BULL rank exit (97.9%),BULL rank exit (97.9%),BULL,csi500
002797,第一创业,证券,20200728,10.0,20200817,11.24,300,595.9,12.40%,20,Rank 2.89%,"Rank 2.89%, Score 0.0309, BULL",BULL rank exit (71.8%),BULL rank exit (71.8%),BULL,csi500
601162,天风证券,证券,20200728,6.97,20200817,7.1,400,54.7,1.87%,20,Rank 3.09%,"Rank 3.09%, Score 0.0303, BULL",BULL rank exit (67.8%),BULL rank exit (67.8%),BULL,csi500
601099,太平洋,证券,20200729,4.07,20200817,4.24,1800,844.3,4.18%,19,Rank 1.24%,"Rank 1.24%, Score 0.0445, BULL",BULL rank exit (95.7%),BULL rank exit (95.7%),BULL,csi500
601155,新城控股,区域地产,20200715,34.48,20200818,36.16,100,244.8,4.87%,34,Rank 3.30%,"Rank 3.30%, Score 0.0230, BULL",BULL rank exit (59.7%),BULL rank exit (59.7%),BULL,csi500
002240,盛新锂能,小金属,20200728,13.9,20200818,14.94,300,495.0,7.48%,21,Rank 1.65%,"Rank 1.65%, Score 0.0372, BULL",BULL rank exit (78.8%),BULL rank exit (78.8%),BULL,csi500
688166,博瑞医药,化学制药,20200728,55.3,20200819,55.55,100,17.8,0.45%,22,Rank 2.68%,"Rank 2.68%, Score 0.0315, BULL",BULL rank exit (65.6%),BULL rank exit (65.6%),BULL,csi500
000783,长江证券,证券,20200803,8.74,20200821,8.64,100,-61.5,-1.14%,18,Rank 1.65%,"Rank 1.65%, Score 0.0186, BULL",BULL rank exit (75.1%),BULL rank exit (75.1%),BULL,csi500
600816,建元信托,多元金融,20200803,2.03,20200821,1.89,100,-441.1,-6.90%,18,Rank 2.26%,"Rank 2.26%, Score 0.0136, BULL",BULL rank exit (52.4%),BULL rank exit (52.4%),BULL,csi500
688266,泽璟制药-U,生物制药,20200818,107.77,20200821,94.0,100,-1389.2,-12.78%,3,Rank 3.29%,"Rank 3.29%, Score 0.0063, BULL",BULL Hard stop (-12.8%),BULL Hard stop (-12.8%),BULL,csi500
000830,鲁西化工,化工原料,20200804,11.2,20200824,10.38,100,-566.7,-7.32%,20,Rank 0.82%,"Rank 0.82%, Score 0.0148, BULL",BULL rank exit (42.8%),BULL rank exit (42.8%),BULL,csi500
601216,君正集团,化工原料,20200805,7.35,20200825,8.18,100,1170.2,11.29%,20,Rank 0.21%,"Rank 0.21%, Score 0.0560, BULL",BULL trailing stop (22.8%),BULL trailing stop (22.8%),BULL,csi500
600316,洪都航空,航空,20200713,21.9,20200826,33.0,100,4830.4,50.74%,44,Rank 1.86%,"Rank 1.86%, Score 0.0352, BULL",BULL trailing stop (24.5%),BULL trailing stop (24.5%),BULL,csi500
600416,湘电股份,电气设备,20200528,11.07,20200827,18.57,100,2562.6,67.75%,91,Rank 1.86%,"Rank 1.86%, Score 0.0301, BULL",BULL trailing stop (19.3%),BULL trailing stop (19.3%),BULL,csi500
000683,博源化工,化工原料,20200804,2.06,20200827,2.33,500,1008.7,13.11%,23,Rank 3.09%,"Rank 3.09%, Score 0.0033, BULL",BULL trailing stop (19.7%),BULL trailing stop (19.7%),BULL,csi500
300573,兴齐眼药,化学制药,20200819,169.0,20200827,144.0,100,-2571.6,-14.79%,8,Rank 0.21%,"Rank 0.21%, Score 0.0432, BULL",BULL Hard stop (-14.8%),BULL Hard stop (-14.8%),BULL,csi500
300118,东方日升,电气设备,20200810,16.58,20200828,16.2,100,-135.9,-2.29%,18,Rank 1.03%,"Rank 1.03%, Score 0.0232, BULL",BULL rank exit (63.9%),BULL rank exit (63.9%),BULL,csi500
002430,杭氧股份,化工机械,20200811,18.72,20200831,22.28,100,774.1,19.02%,20,Rank 1.65%,"Rank 1.65%, Score 0.0158, BULL",BULL rank exit (92.4%),BULL rank exit (92.4%),BULL,csi500
600685,中船防务,船舶,20200813,34.51,20200831,33.2,200,-546.3,-3.80%,18,Rank 1.03%,"Rank 1.03%, Score 0.0259, BULL",BULL rank exit (36.4%),BULL rank exit (36.4%),BULL,csi500
300601,康泰生物,生物制药,20200814,193.82,20200901,197.93,100,625.1,2.27%,18,Rank 0.41%,"Rank 0.41%, Score 0.0386, BULL",BULL rank exit (52.9%),BULL rank exit (52.9%),BULL,csi500
601696,中银证券,证券,20200811,30.14,20200902,30.17,300,5.4,0.19%,22,Rank 0.21%,"Rank 0.21%, Score 0.0334, BULL",BULL rank exit (46.6%),BULL rank exit (46.6%),BULL,csi500
000591,太阳能,新型电力,20200810,4.87,20200903,4.47,100,-551.1,-8.21%,24,Rank 0.41%,"Rank 0.41%, Score 0.0315, BULL",BULL rank exit (45.6%),BULL rank exit (45.6%),BULL,csi500
603596,伯特利,汽车配件,20200526,26.52,20200904,33.79,200,1469.2,27.77%,101,Rank 4.36%,"Rank 4.36%, Score 0.0233, BULL",BULL trailing stop (19.5%),BULL trailing stop (19.5%),BULL,csi500
601212,白银有色,铜,20200817,3.12,20200904,2.92,5300,-1084.1,-6.41%,18,Rank 3.09%,"Rank 3.09%, Score 0.0134, BULL",BULL rank exit (48.9%),BULL rank exit (48.9%),BULL,csi500
601636,旗滨集团,玻璃,20200817,8.69,20200904,7.95,300,-744.0,-8.52%,18,Rank 3.92%,"Rank 3.92%, Score 0.0105, BULL",BULL rank exit (76.0%),BULL rank exit (76.0%),BULL,csi500
600873,梅花生物,食品,20200813,6.03,20200907,5.91,700,-629.9,-1.99%,25,Rank 0.62%,"Rank 0.62%, Score 0.0282, BULL",BULL rank exit (41.4%),BULL rank exit (41.4%),BULL,csi500
603456,九洲药业,医疗保健,20200818,31.37,20200907,35.94,100,1724.9,14.57%,20,Rank 1.65%,"Rank 1.65%, Score 0.0181, BULL",BULL rank exit (41.2%),BULL rank exit (41.2%),BULL,csi500
600988,赤峰黄金,黄金,20200814,19.48,20200908,18.5,100,-548.0,-5.03%,25,Rank 0.62%,"Rank 0.62%, Score 0.0370, BULL",BULL trailing stop (21.8%),BULL trailing stop (21.8%),BULL,csi500
688005,容百科技,电气设备,20200817,29.59,20200908,27.65,400,-792.4,-6.56%,22,Rank 3.30%,"Rank 3.30%, Score 0.0131, BULL",BULL rank exit (35.0%),BULL rank exit (35.0%),BULL,csi500
002408,齐翔腾达,化工原料,20200821,7.86,20200908,8.79,100,566.0,11.83%,18,Rank 2.47%,"Rank 2.47%, Score 0.0169, BULL",BULL rank exit (61.5%),BULL rank exit (61.5%),BULL,csi500
603486,科沃斯,家用电器,20200821,38.7,20200908,42.14,100,478.6,8.89%,18,Rank 2.89%,"Rank 2.89%, Score 0.0145, BULL",BULL rank exit (89.8%),BULL rank exit (89.8%),BULL,csi500
002240,盛新锂能,小金属,20200821,14.15,20200908,14.6,200,139.4,3.18%,18,Rank 3.92%,"Rank 3.92%, Score 0.0131, BULL",BULL rank exit (93.9%),BULL rank exit (93.9%),BULL,csi500
601216,君正集团,化工原料,20200825,8.18,20200909,7.91,100,-400.3,-3.30%,15,Rank 0.21%,"Rank 0.21%, Score 0.0561, BULL",BULL trailing stop (21.3%),BULL trailing stop (21.3%),BULL,csi500
002625,光启技术,航空,20200826,20.1,20200909,18.9,100,-812.8,-5.97%,14,Rank 0.21%,"Rank 0.21%, Score 0.0774, BULL",BULL trailing stop (18.8%),BULL trailing stop (18.8%),BULL,csi500
000088,盐田港,港口,20200827,6.96,20200909,6.04,100,-743.8,-13.22%,13,Rank 1.03%,"Rank 1.03%, Score 0.0346, BULL",BULL Hard stop (-13.2%),BULL Hard stop (-13.2%),BULL,csi500
002044,美年健康,医疗保健,20200902,17.37,20200909,15.01,100,-2310.7,-13.59%,7,Rank 1.03%,"Rank 1.03%, Score 0.0150, BULL",BULL Hard stop (-13.6%),BULL Hard stop (-13.6%),BULL,csi500
601865,福莱特,玻璃,20200619,14.92,20200910,21.1,400,2478.3,41.42%,83,Rank 0.62%,"Rank 0.62%, Score 0.0216, BULL",BULL trailing stop (19.6%),BULL trailing stop (19.6%),BULL,csi500
601128,常熟银行,银行,20200818,8.65,20200910,8.29,700,-284.5,-4.16%,23,Rank 3.91%,"Rank 3.91%, Score 0.0051, BULL",BULL rank exit (35.2%),BULL rank exit (35.2%),BULL,csi500
002407,多氟多,化工原料,20200904,13.05,20200910,11.48,100,-888.0,-12.03%,6,Rank 1.64%,"Rank 1.64%, Score 0.0132, BULL",BULL Hard stop (-12.0%),BULL Hard stop (-12.0%),BULL,csi500
002670,国盛证券,证券,20200616,9.16,20200911,9.39,200,101.6,2.51%,87,Rank 2.89%,"Rank 2.89%, Score 0.0147, BULL",BULL trailing stop (20.0%),BULL trailing stop (20.0%),BULL,csi500
001696,宗申动力,摩托车,20200717,7.82,20200911,8.0,100,417.0,2.30%,56,Rank 0.41%,"Rank 0.41%, Score 0.0551, BULL",BULL trailing stop (20.6%),BULL trailing stop (20.6%),BULL,csi500
600863,华能蒙电,火力发电,20200804,2.54,20200911,2.64,100,178.2,3.94%,38,Rank 3.70%,"Rank 3.70%, Score 0.0025, BULL",BULL rank exit (35.9%),BULL rank exit (35.9%),BULL,csi500
688037,芯源微,半导体,20200824,114.38,20200911,108.0,100,-652.6,-5.58%,18,Rank 0.21%,"Rank 0.21%, Score 0.0306, BULL",BULL rank exit (39.6%),BULL rank exit (39.6%),BULL,csi500
600363,联创光电,元器件,20200828,23.61,20200911,20.36,200,-2124.4,-13.77%,14,Rank 0.62%,"Rank 0.62%, Score 0.0359, BULL",BULL Hard stop (-13.8%),BULL Hard stop (-13.8%),BULL,csi500
688266,泽璟制药-U,生物制药,20200908,83.5,20200911,73.15,100,-1044.5,-12.40%,3,Rank 1.02%,"Rank 1.02%, Score 0.0259, BULL",BULL Hard stop (-12.4%),BULL Hard stop (-12.4%),BULL,csi500
603185,弘元绿能,电气设备,20200827,59.18,20200914,66.18,100,1273.2,11.83%,18,Rank 0.82%,"Rank 0.82%, Score 0.0364, BULL",BULL rank exit (92.2%),BULL rank exit (92.2%),BULL,csi500
600295,鄂尔多斯,特种钢,20200827,8.9,20200914,8.68,200,-150.2,-2.47%,18,Rank 1.65%,"Rank 1.65%, Score 0.0337, BULL",BULL rank exit (75.6%),BULL rank exit (75.6%),BULL,csi500
600166,福田汽车,汽车整车,20200831,2.54,20200918,2.64,100,253.2,3.94%,18,Rank 0.62%,"Rank 0.62%, Score 0.0382, BULL",BULL rank exit (94.7%),BULL rank exit (94.7%),BULL,csi500
603290,斯达半导,半导体,20200901,176.9,20200921,196.74,100,1961.8,11.22%,20,Rank 0.41%,"Rank 0.41%, Score 0.0462, BULL",BULL rank exit (54.4%),BULL rank exit (54.4%),BULL,csi500
002472,双环传动,汽车配件,20200831,6.35,20200922,7.05,200,709.7,11.02%,22,Rank 2.69%,"Rank 2.69%, Score 0.0168, BULL",BULL rank exit (80.6%),BULL rank exit (80.6%),BULL,csi500
000887,中鼎股份,汽车配件,20200904,10.4,20200922,11.2,100,557.6,7.69%,18,Rank 1.23%,"Rank 1.23%, Score 0.0176, BULL",BULL rank exit (90.2%),BULL rank exit (90.2%),BULL,csi500
600707,彩虹股份,元器件,20200527,3.89,20200923,4.29,700,627.5,10.28%,119,Rank 4.76%,"Rank 4.76%, Score 0.0157, BULL",BULL trailing stop (18.3%),BULL trailing stop (18.3%),BULL,csi500
000921,海信家电,家用电器,20200520,10.22,20200925,12.75,100,383.5,28.66%,128,Rank 4.15%,"Rank 4.15%, Score 0.0124, BULL",BULL trailing stop (18.4%),BULL trailing stop (18.4%),BULL,csi500
601611,中国核建,建筑工程,20200907,7.89,20200925,7.16,3200,-2434.9,-9.25%,18,Rank 0.82%,"Rank 0.82%, Score 0.0161, BULL",BULL rank exit (61.1%),BULL rank exit (61.1%),BULL,csi500
300748,金力永磁,矿物制品,20200907,40.4,20200925,40.17,300,-85.3,-0.57%,18,Rank 3.07%,"Rank 3.07%, Score 0.0049, BULL",BULL rank exit (93.9%),BULL rank exit (93.9%),BULL,csi500
600546,山煤国际,煤炭开采,20200903,11.17,20200928,9.64,200,-2511.5,-13.70%,25,Rank 0.82%,"Rank 0.82%, Score 0.0251, BULL",BEAR Hard stop (-13.7%),BEAR Hard stop (-13.7%),BEAR,csi500
688166,博瑞医药,化学制药,20200904,51.52,20200928,54.25,100,266.4,5.30%,24,Rank 2.05%,"Rank 2.05%, Score 0.0111, BULL",BEAR rank exit (22.9%),BEAR rank exit (22.9%),BEAR,csi500
000683,博源化工,化工原料,20200908,2.62,20200928,2.49,300,-302.0,-4.96%,20,Rank 2.87%,"Rank 2.87%, Score 0.0167, BULL",BEAR rank exit (86.3%),BEAR rank exit (86.3%),BEAR,csi500
000738,航发控制,航空,20200908,19.99,20200928,19.0,100,-182.5,-4.95%,20,Rank 3.28%,"Rank 3.28%, Score 0.0154, BULL",BEAR rank exit (27.8%),BEAR rank exit (27.8%),BEAR,csi500
601216,君正集团,化工原料,20200910,7.67,20200928,7.72,100,57.1,0.65%,18,Rank 1.84%,"Rank 1.84%, Score 0.0249, BULL",BEAR rank exit (92.7%),BEAR rank exit (92.7%),BEAR,csi500
600095,湘财股份,证券,20200910,14.96,20200928,16.95,200,1314.7,13.30%,18,Rank 2.05%,"Rank 2.05%, Score 0.0231, BULL",BEAR rank exit (97.8%),BEAR rank exit (97.8%),BEAR,csi500
603056,德邦股份,仓储物流,20200910,15.91,20200928,15.13,400,-327.6,-4.90%,18,Rank 3.69%,"Rank 3.69%, Score 0.0192, BULL",BEAR rank exit (73.7%),BEAR rank exit (73.7%),BEAR,csi500
002444,巨星科技,轻工机械,20200911,19.03,20200928,20.78,100,756.3,9.20%,17,Rank 2.05%,"Rank 2.05%, Score 0.0305, BULL",BEAR rank exit (41.4%),BEAR rank exit (41.4%),BEAR,csi500
600363,联创光电,元器件,20200911,20.36,20200928,22.37,100,642.2,9.87%,17,Rank 2.26%,"Rank 2.26%, Score 0.0296, BULL",BEAR rank exit (94.7%),BEAR rank exit (94.7%),BEAR,csi500
002156,通富微电,半导体,20200914,22.01,20200928,23.0,100,268.4,4.50%,14,Rank 4.72%,"Rank 4.72%, Score 0.0102, BULL",BEAR rank exit (81.0%),BEAR rank exit (81.0%),BEAR,csi500
603605,珀莱雅,日用化工,20200915,143.6,20200928,139.88,100,-397.9,-2.59%,13,Rank 1.03%,"Rank 1.03%, Score 0.0244, BULL",BEAR rank exit (95.1%),BEAR rank exit (95.1%),BEAR,csi500
600416,湘电股份,电气设备,20200915,16.4,20200928,16.6,200,122.3,1.22%,13,Rank 2.67%,"Rank 2.67%, Score 0.0183, BULL",BEAR rank exit (92.9%),BEAR rank exit (92.9%),BEAR,csi500
002430,杭氧股份,化工机械,20200918,20.9,20200928,22.69,700,2701.8,8.56%,10,Rank 1.02%,"Rank 1.02%, Score 0.0118, BULL",BEAR rank exit (89.0%),BEAR rank exit (89.0%),BEAR,csi500
603589,口子窖,白酒,20200908,56.45,20200929,50.84,100,-621.1,-9.94%,21,Rank 0.82%,"Rank 0.82%, Score 0.0278, BULL",BEAR trailing stop (11.3%),BEAR trailing stop (11.3%),BEAR,csi500
300763,锦浪科技,电气设备,20200909,87.49,20200929,107.01,100,3563.3,23.50%,20,Rank 0.41%,"Rank 0.41%, Score 0.0307, BULL",BEAR trailing stop (10.1%),BEAR trailing stop (10.1%),BEAR,csi500
600988,赤峰黄金,黄金,20200914,17.0,20200929,17.85,100,451.3,5.00%,15,Rank 1.64%,"Rank 1.64%, Score 0.0190, BULL",BEAR rank exit (94.9%),BEAR rank exit (94.9%),BEAR,csi500
300573,兴齐眼药,化学制药,20200921,132.29,20200929,135.0,100,258.8,2.05%,8,Rank 0.61%,"Rank 0.61%, Score 0.0154, BULL",BEAR rank exit (96.9%),BEAR rank exit (96.9%),BEAR,csi500
002240,盛新锂能,小金属,20200925,12.91,20200929,11.3,400,-1050.7,-12.47%,4,Rank 0.41%,"Rank 0.41%, Score 0.0371, BULL",BEAR Hard stop (-12.5%),BEAR Hard stop (-12.5%),BEAR,csi500
688266,泽璟制药-U,生物制药,20200911,73.15,20200930,86.41,100,1314.8,18.13%,19,Rank 0.41%,"Rank 0.41%, Score 0.0556, BULL",BEAR rank exit (94.5%),BEAR rank exit (94.5%),BEAR,csi500
601162,天风证券,证券,20200922,6.45,20200930,6.63,900,174.7,2.79%,8,Rank 2.25%,"Rank 2.25%, Score 0.0083, BULL",BEAR rank exit (66.2%),BEAR rank exit (66.2%),BEAR,csi500
688278,特宝生物,生物制药,20200908,51.69,20201009,52.81,100,105.2,2.17%,31,Rank 3.69%,"Rank 3.69%, Score 0.0148, BULL",BEAR rank exit (49.6%),BEAR rank exit (49.6%),BEAR,csi500
300432,富临精工,汽车配件,20200923,10.03,20201009,10.5,200,485.8,4.69%,16,Rank 0.82%,"Rank 0.82%, Score 0.0125, BULL",BEAR rank exit (70.3%),BEAR rank exit (70.3%),BEAR,csi500
601717,中创智领,专用机械,20200925,8.98,20201009,9.57,300,410.5,6.57%,14,Rank 0.61%,"Rank 0.61%, Score 0.0239, BULL",BEAR rank exit (83.9%),BEAR rank exit (83.9%),BEAR,csi500
688599,天合光能,电气设备,20200922,16.1,20201012,17.1,700,688.4,6.21%,20,Rank 1.64%,"Rank 1.64%, Score 0.0094, BULL",BEAR rank exit (52.1%),BEAR rank exit (52.1%),BEAR,csi500
603893,瑞芯微,半导体,20200915,69.8,20201013,77.6,100,773.9,11.17%,28,Rank 4.93%,"Rank 4.93%, Score 0.0117, BULL",BEAR rank exit (22.5%),BEAR rank exit (22.5%),BEAR,csi500
000088,盐田港,港口,20200909,6.04,20201015,7.1,200,1684.7,17.55%,36,Rank 0.61%,"Rank 0.61%, Score 0.0307, BULL",BEAR trailing stop (16.5%),BEAR trailing stop (16.5%),BEAR,csi500
002653,海思科,化学制药,20200915,23.37,20201015,24.18,100,247.6,3.47%,30,Rank 2.87%,"Rank 2.87%, Score 0.0172, BULL",BEAR rank exit (48.7%),BEAR rank exit (48.7%),BEAR,csi500
300100,双林股份,汽车配件,20200925,10.79,20201016,11.62,300,819.9,7.69%,21,Rank 0.20%,"Rank 0.20%, Score 0.0542, BULL",BEAR trailing stop (11.3%),BEAR trailing stop (11.3%),BEAR,csi500
600859,王府井,百货,20201009,48.8,20201019,45.1,100,-1713.3,-7.58%,10,Rank 0.20%,"Rank 0.20%, Score 0.0506, BEAR",BEAR trailing stop (10.8%),BEAR trailing stop (10.8%),BEAR,csi500
688516,奥特维,专用机械,20200910,71.69,20201020,80.9,100,915.4,12.85%,40,Rank 2.46%,"Rank 2.46%, Score 0.0212, BULL",BEAR trailing stop (10.1%),BEAR trailing stop (10.1%),BEAR,csi500
603290,斯达半导,半导体,20201015,199.46,20201020,177.5,100,-2222.8,-11.01%,5,Rank 0.41%,"Rank 0.41%, Score 0.0212, BEAR",BEAR trailing stop (11.0%),BEAR trailing stop (11.0%),BEAR,csi500
000021,深科技,元器件,20201009,21.12,20201021,22.68,100,2148.8,7.39%,12,Rank 0.61%,"Rank 0.61%, Score 0.0374, BEAR",BEAR rank exit (23.7%),BEAR rank exit (23.7%),BEAR,csi500
002157,正邦科技,农业综合,20201013,18.8,20201021,18.54,100,-437.5,-1.38%,8,Rank 1.83%,"Rank 1.83%, Score 0.0122, BEAR",BEAR rank exit (68.8%),BEAR rank exit (68.8%),BEAR,csi500
300207,欣旺达,电气设备,20200429,13.07,20201022,27.1,200,19334.1,108.39%,176,Rank 0.21%,"Rank 0.21%, Score 0.0616, BEAR",BEAR trailing stop (13.4%),BEAR trailing stop (13.4%),BEAR,csi500
300223,北京君正,半导体,20201012,79.09,20201027,73.7,100,-1446.6,-6.82%,15,Rank 0.61%,"Rank 0.61%, Score 0.0296, BEAR",BEAR trailing stop (12.3%),BEAR trailing stop (12.3%),BEAR,csi500
000088,盐田港,港口,20201019,6.91,20201027,6.52,600,-1916.6,-5.64%,8,Rank 0.40%,"Rank 0.40%, Score 0.0209, BEAR",BEAR rank exit (30.2%),BEAR rank exit (30.2%),BEAR,csi500
300487,蓝晓科技,化工原料,20201016,48.77,20201028,47.0,200,-934.2,-3.63%,12,Rank 0.40%,"Rank 0.40%, Score 0.0271, BEAR",BEAR rank exit (39.6%),BEAR rank exit (39.6%),BEAR,csi500
300735,光弘科技,元器件,20201015,17.27,20201029,15.19,1000,-3959.1,-12.04%,14,Rank 0.81%,"Rank 0.81%, Score 0.0146, BEAR",BEAR Hard stop (-12.0%),BEAR Hard stop (-12.0%),BEAR,csi500
300373,扬杰科技,半导体,20201020,40.68,20201029,38.75,100,-1029.3,-4.74%,9,Rank 1.01%,"Rank 1.01%, Score 0.0205, BEAR",BEAR rank exit (91.4%),BEAR rank exit (91.4%),BEAR,csi500
002240,盛新锂能,小金属,20201021,12.21,20201029,13.78,1700,4265.7,12.86%,8,Rank 0.20%,"Rank 0.20%, Score 0.0401, BEAR",BEAR rank exit (98.0%),BEAR rank exit (98.0%),BEAR,csi500
000959,首钢股份,普钢,20201021,3.75,20201029,3.72,4100,-320.1,-0.80%,8,Rank 0.61%,"Rank 0.61%, Score 0.0224, BEAR",BEAR rank exit (27.9%),BEAR rank exit (27.9%),BEAR,csi500
000034,神州数码,软件服务,20201022,27.61,20201109,28.53,400,1074.3,3.33%,18,Rank 0.40%,"Rank 0.40%, Score 0.0444, BEAR",BULL rank exit (74.7%),BULL rank exit (74.7%),BULL,csi500
688005,容百科技,电气设备,20201026,36.62,20201113,35.79,100,-87.9,-2.27%,18,Rank 4.43%,"Rank 4.43%, Score 0.0199, BULL",BULL rank exit (82.8%),BULL rank exit (82.8%),BULL,csi500
600141,兴发集团,农药化肥,20201030,11.72,20201117,13.06,100,441.8,11.43%,18,Rank 3.82%,"Rank 3.82%, Score 0.0117, BULL",BULL rank exit (86.8%),BULL rank exit (86.8%),BULL,csi500
300223,北京君正,半导体,20201028,72.43,20201118,80.0,100,1968.7,10.45%,21,Rank 0.20%,"Rank 0.20%, Score 0.0362, BEAR",BULL rank exit (46.3%),BULL rank exit (46.3%),BULL,csi500
300803,指南针,软件服务,20201030,43.42,20201119,33.03,100,-1045.2,-23.93%,20,Rank 3.01%,"Rank 3.01%, Score 0.0136, BULL",BULL Hard stop (-23.9%),BULL Hard stop (-23.9%),BULL,csi500
603699,纽威股份,机械基件,20201102,14.64,20201120,14.46,300,-69.3,-1.23%,18,Rank 3.41%,"Rank 3.41%, Score 0.0154, BULL",BULL rank exit (53.6%),BULL rank exit (53.6%),BULL,csi500
300346,南大光电,半导体,20201029,31.8,20201123,33.8,100,1654.4,6.29%,25,Rank 0.80%,"Rank 0.80%, Score 0.0286, BEAR",BULL rank exit (55.1%),BULL rank exit (55.1%),BULL,csi500
688520,神州细胞,生物制药,20201103,54.75,20201123,56.65,100,182.6,3.47%,20,Rank 1.00%,"Rank 1.00%, Score 0.0292, BULL",BULL rank exit (69.1%),BULL rank exit (69.1%),BULL,csi500
002487,大金重工,电气设备,20201103,10.25,20201123,9.51,100,-347.1,-7.22%,20,Rank 2.61%,"Rank 2.61%, Score 0.0176, BULL",BULL rank exit (93.4%),BULL rank exit (93.4%),BULL,csi500
002126,银轮股份,汽车配件,20201104,11.63,20201123,11.58,100,-35.9,-0.43%,19,Rank 2.81%,"Rank 2.81%, Score 0.0172, BULL",BULL rank exit (58.3%),BULL rank exit (58.3%),BULL,csi500
002653,海思科,化学制药,20201105,22.19,20201123,20.86,100,-431.5,-5.99%,18,Rank 0.40%,"Rank 0.40%, Score 0.0263, BULL",BULL rank exit (49.3%),BULL rank exit (49.3%),BULL,csi500
600095,湘财股份,证券,20201102,12.48,20201125,13.48,100,328.2,8.01%,23,Rank 2.41%,"Rank 2.41%, Score 0.0174, BULL",BULL rank exit (61.8%),BULL rank exit (61.8%),BULL,csi500
603688,石英股份,矿物制品,20201104,18.63,20201125,19.42,200,240.8,4.24%,21,Rank 3.21%,"Rank 3.21%, Score 0.0165, BULL",BULL rank exit (53.4%),BULL rank exit (53.4%),BULL,csi500
601108,财通证券,证券,20201106,12.87,20201125,13.19,500,156.7,2.49%,19,Rank 4.62%,"Rank 4.62%, Score 0.0131, BULL",BULL rank exit (57.4%),BULL rank exit (57.4%),BULL,csi500
601399,国机重装,工程机械,20201105,3.93,20201126,4.02,1500,127.2,2.29%,21,Rank 4.62%,"Rank 4.62%, Score 0.0136, BULL",BULL rank exit (48.9%),BULL rank exit (48.9%),BULL,csi500
688278,特宝生物,生物制药,20201104,47.2,20201127,42.5,100,-475.8,-9.96%,23,Rank 4.02%,"Rank 4.02%, Score 0.0142, BULL",BULL rank exit (56.3%),BULL rank exit (56.3%),BULL,csi500
002624,完美世界,互联网,20201106,28.41,20201127,24.95,100,-1089.8,-12.18%,21,Rank 3.41%,"Rank 3.41%, Score 0.0163, BULL",BULL Hard stop (-12.2%),BULL Hard stop (-12.2%),BULL,csi500
601216,君正集团,化工原料,20201109,6.07,20201127,5.33,200,-2133.5,-12.19%,18,Rank 0.40%,"Rank 0.40%, Score 0.0347, BULL",BULL Hard stop (-12.2%),BULL Hard stop (-12.2%),BULL,csi500
688516,奥特维,专用机械,20201109,73.04,20201127,72.23,100,-90.9,-1.11%,18,Rank 1.00%,"Rank 1.00%, Score 0.0244, BULL",BULL rank exit (86.9%),BULL rank exit (86.9%),BULL,csi500
000958,电投产融,新型电力,20201109,4.38,20201127,4.49,500,232.8,2.51%,18,Rank 3.21%,"Rank 3.21%, Score 0.0161, BULL",BULL rank exit (41.9%),BULL rank exit (41.9%),BULL,csi500
300604,长川科技,半导体,20201029,24.0,20201130,23.25,300,-850.0,-3.13%,32,Rank 0.40%,"Rank 0.40%, Score 0.0394, BEAR",BULL rank exit (69.6%),BULL rank exit (69.6%),BULL,csi500
300735,光弘科技,元器件,20201029,15.19,20201130,14.28,1100,-1925.9,-5.99%,32,Rank 0.60%,"Rank 0.60%, Score 0.0293, BEAR",BULL rank exit (42.9%),BULL rank exit (42.9%),BULL,csi500
300718,长盛轴承,机械基件,20201113,20.66,20201201,20.8,600,139.4,0.68%,18,Rank 1.00%,"Rank 1.00%, Score 0.0290, BULL",BULL rank exit (52.8%),BULL rank exit (52.8%),BULL,csi500
002240,盛新锂能,小金属,20201127,17.65,20201204,15.49,100,-352.5,-12.24%,7,Rank 2.78%,"Rank 2.78%, Score 0.0171, BULL",BULL Hard stop (-12.2%),BULL Hard stop (-12.2%),BULL,csi500
600707,彩虹股份,元器件,20201103,4.17,20201207,7.0,600,3846.5,67.87%,34,Rank 3.41%,"Rank 3.41%, Score 0.0159, BULL",BULL trailing stop (18.6%),BULL trailing stop (18.6%),BULL,csi500
601865,福莱特,玻璃,20201118,34.0,20201207,30.9,600,-1900.3,-9.12%,19,Rank 0.60%,"Rank 0.60%, Score 0.0329, BULL",BULL rank exit (49.6%),BULL rank exit (49.6%),BULL,csi500
300100,双林股份,汽车配件,20201117,15.24,20201208,13.58,100,-562.6,-10.89%,21,Rank 0.40%,"Rank 0.40%, Score 0.0445, BULL",BULL trailing stop (20.0%),BULL trailing stop (20.0%),BULL,csi500
603712,七一二,通信设备,20201119,40.34,20201210,36.84,100,-357.1,-8.68%,21,Rank 2.39%,"Rank 2.39%, Score 0.0196, BULL",BULL rank exit (42.7%),BULL rank exit (42.7%),BULL,csi500
688266,泽璟制药-U,生物制药,20201204,80.07,20201210,70.27,400,-3956.5,-12.24%,6,Rank 0.20%,"Rank 0.20%, Score 0.0372, BULL",BULL Hard stop (-12.2%),BULL Hard stop (-12.2%),BULL,csi500
688521,芯原股份,半导体,20201123,93.0,20201211,90.35,100,-276.7,-2.85%,18,Rank 0.60%,"Rank 0.60%, Score 0.0239, BULL",BULL rank exit (84.7%),BULL rank exit (84.7%),BULL,csi500
603179,新泉股份,汽车配件,20201123,28.37,20201214,27.86,100,-105.1,-1.80%,21,Rank 4.99%,"Rank 4.99%, Score 0.0089, BULL",BULL rank exit (50.6%),BULL rank exit (50.6%),BULL,csi500
600859,王府井,百货,20201124,35.77,20201214,31.02,100,-2183.6,-13.28%,20,Rank 0.60%,"Rank 0.60%, Score 0.0201, BULL",BULL Hard stop (-13.3%),BULL Hard stop (-13.3%),BULL,csi500
000723,美锦能源,焦炭加工,20201125,7.48,20201214,6.38,100,-742.9,-14.71%,19,Rank 1.39%,"Rank 1.39%, Score 0.0131, BULL",BULL Hard stop (-14.7%),BULL Hard stop (-14.7%),BULL,csi500
601918,新集能源,煤炭开采,20201125,2.92,20201214,2.82,900,-142.4,-3.42%,19,Rank 4.18%,"Rank 4.18%, Score 0.0079, BULL",BULL rank exit (85.3%),BULL rank exit (85.3%),BULL,csi500
688266,泽璟制药-U,生物制药,20201210,70.27,20201214,58.3,200,-2409.2,-17.03%,4,Rank 0.20%,"Rank 0.20%, Score 0.0419, BULL",BULL Hard stop (-17.0%),BULL Hard stop (-17.0%),BULL,csi500
600816,建元信托,多元金融,20201126,1.55,20201215,1.28,300,-2523.5,-17.42%,19,Rank 1.00%,"Rank 1.00%, Score 0.0223, BULL",BULL Hard stop (-17.4%),BULL Hard stop (-17.4%),BULL,csi500
688599,天合光能,电气设备,20201127,21.84,20201215,21.32,300,-165.3,-2.38%,18,Rank 0.80%,"Rank 0.80%, Score 0.0274, BULL",BULL rank exit (93.9%),BULL rank exit (93.9%),BULL,csi500
601636,旗滨集团,玻璃,20201127,12.04,20201215,11.7,100,-117.4,-2.82%,18,Rank 1.59%,"Rank 1.59%, Score 0.0224, BULL",BULL rank exit (88.5%),BULL rank exit (88.5%),BULL,csi500
603920,世运电路,元器件,20201125,32.56,20201216,32.0,200,-131.3,-1.72%,21,Rank 1.20%,"Rank 1.20%, Score 0.0144, BULL",BULL rank exit (39.9%),BULL rank exit (39.9%),BULL,csi500
600563,法拉电子,元器件,20201130,86.77,20201218,90.95,100,1143.3,4.82%,18,Rank 0.60%,"Rank 0.60%, Score 0.0301, BULL",BULL rank exit (61.3%),BULL rank exit (61.3%),BULL,csi500
300573,兴齐眼药,化学制药,20201130,109.17,20201218,118.0,100,885.9,8.09%,18,Rank 0.99%,"Rank 0.99%, Score 0.0235, BULL",BULL rank exit (52.3%),BULL rank exit (52.3%),BULL,csi500
601717,中创智领,专用机械,20201130,10.09,20201218,11.49,600,1968.8,13.88%,18,Rank 1.19%,"Rank 1.19%, Score 0.0235, BULL",BULL rank exit (63.5%),BULL rank exit (63.5%),BULL,csi500
002939,长城证券,证券,20201123,12.99,20201221,12.93,500,-39.2,-0.46%,28,Rank 3.19%,"Rank 3.19%, Score 0.0125, BULL",BULL rank exit (38.2%),BULL rank exit (38.2%),BULL,csi500
600707,彩虹股份,元器件,20201211,6.2,20201223,5.73,1400,-1519.1,-7.58%,12,Rank 0.79%,"Rank 0.79%, Score 0.0211, BULL",BULL trailing stop (18.1%),BULL trailing stop (18.1%),BULL,csi500
600968,海油发展,石油开采,20201102,2.31,20201224,2.41,2000,196.6,4.33%,52,Rank 4.62%,"Rank 4.62%, Score 0.0134, BULL",BULL rank exit (35.7%),BULL rank exit (35.7%),BULL,csi500
300223,北京君正,半导体,20201201,94.43,20201224,96.83,100,599.7,2.54%,23,Rank 0.20%,"Rank 0.20%, Score 0.0373, BULL",BULL rank exit (92.0%),BULL rank exit (92.0%),BULL,csi500
603893,瑞芯微,半导体,20201029,69.9,20201225,71.0,400,405.2,1.57%,57,Rank 1.41%,"Rank 1.41%, Score 0.0201, BEAR",BULL trailing stop (18.5%),BULL trailing stop (18.5%),BULL,csi500
000415,渤海租赁,多元金融,20201105,2.47,20201225,2.44,100,-69.4,-1.21%,50,Rank 1.61%,"Rank 1.61%, Score 0.0218, BULL",BULL rank exit (52.9%),BULL rank exit (52.9%),BULL,csi500
002532,天山铝业,铝,20201207,8.5,20201225,7.65,100,-603.3,-10.00%,18,Rank 1.59%,"Rank 1.59%, Score 0.0121, BULL",BULL rank exit (39.8%),BULL rank exit (39.8%),BULL,csi500
603290,斯达半导,半导体,20201020,177.5,20201228,224.3,100,4658.7,26.37%,69,Rank 0.20%,"Rank 0.20%, Score 0.0461, BEAR",BULL trailing stop (24.0%),BULL trailing stop (24.0%),BULL,csi500
002945,华林证券,证券,20201210,14.8,20201228,13.98,700,-590.3,-5.54%,18,Rank 0.99%,"Rank 0.99%, Score 0.0249, BULL",BULL rank exit (67.6%),BULL rank exit (67.6%),BULL,csi500
002683,广东宏大,化工原料,20201208,35.77,20201229,36.48,100,178.5,1.98%,21,Rank 0.80%,"Rank 0.80%, Score 0.0225, BULL",BULL rank exit (52.0%),BULL rank exit (52.0%),BULL,csi500
002670,国盛证券,证券,20201214,12.72,20201230,11.16,200,-734.7,-12.26%,16,Rank 0.40%,"Rank 0.40%, Score 0.0396, BULL",BULL Hard stop (-12.3%),BULL Hard stop (-12.3%),BULL,csi500
601696,中银证券,证券,20201102,23.1,20201231,25.3,200,433.8,9.52%,59,Rank 1.00%,"Rank 1.00%, Score 0.0291, BULL",BULL rank exit (52.3%),BULL rank exit (52.3%),BULL,csi500
601866,中远海发,水运,20201214,2.75,20210104,2.98,1900,446.7,8.36%,21,Rank 0.79%,"Rank 0.79%, Score 0.0259, BULL",BULL rank exit (89.4%),BULL rank exit (89.4%),BULL,csi500
600350,山东高速,路桥,20201215,6.4,20210104,6.18,600,-320.3,-3.44%,20,Rank 1.38%,"Rank 1.38%, Score 0.0172, BULL",BULL rank exit (35.8%),BULL rank exit (35.8%),BULL,csi500
002563,森马服饰,服饰,20201215,9.3,20210104,10.0,100,369.5,7.53%,20,Rank 1.98%,"Rank 1.98%, Score 0.0139, BULL",BULL rank exit (37.8%),BULL rank exit (37.8%),BULL,csi500
688516,奥特维,专用机械,20201216,77.81,20210104,80.0,200,419.5,2.81%,19,Rank 0.99%,"Rank 0.99%, Score 0.0215, BULL",BULL rank exit (51.9%),BULL rank exit (51.9%),BULL,csi500
688561,奇安信-U,软件服务,20201027,88.68,20210104,126.2,300,11206.8,42.31%,69,Rank 0.80%,"Rank 0.80%, Score 0.0254, BEAR",Close all,Close all,END,csi500
002299,圣农发展,农业综合,20201102,22.03,20210104,26.55,100,1062.3,20.52%,63,Rank 0.40%,"Rank 0.40%, Score 0.0370, BULL",Close all,Close all,END,csi500
002756,永兴材料,小金属,20201102,18.3,20210104,55.3,100,7674.0,202.19%,63,Rank 4.22%,"Rank 4.22%, Score 0.0140, BULL",Close all,Close all,END,csi500
300803,指南针,软件服务,20201120,32.09,20210104,33.06,100,92.9,3.02%,45,Rank 0.20%,"Rank 0.20%, Score 0.0542, BULL",Close all,Close all,END,csi500
601456,国联民生,证券,20201123,16.66,20210104,21.6,500,2456.0,29.65%,42,Rank 1.40%,"Rank 1.40%, Score 0.0188, BULL",Close all,Close all,END,csi500
688567,孚能科技,电气设备,20201127,27.95,20210104,46.79,200,3755.8,67.41%,38,Rank 2.19%,"Rank 2.19%, Score 0.0201, BULL",Close all,Close all,END,csi500
000155,川能动力,新型电力,20201207,6.6,20210104,8.56,1400,4277.3,29.70%,28,Rank 0.20%,"Rank 0.20%, Score 0.0355, BULL",Close all,Close all,END,csi500
688266,泽璟制药-U,生物制药,20201214,58.3,20210104,64.95,100,656.6,11.41%,21,Rank 0.20%,"Rank 0.20%, Score 0.0447, BULL",Close all,Close all,END,csi500
688278,特宝生物,生物制药,20201214,33.85,20210104,33.42,100,-47.4,-1.27%,21,Rank 1.19%,"Rank 1.19%, Score 0.0221, BULL",Close all,Close all,END,csi500
688100,威胜信息,通信设备,20201214,23.16,20210104,21.95,100,-124.6,-5.22%,21,Rank 1.39%,"Rank 1.39%, Score 0.0212, BULL",Close all,Close all,END,csi500
600816,建元信托,多元金融,20201215,1.28,20210104,1.46,300,1654.4,14.06%,20,Rank 0.79%,"Rank 0.79%, Score 0.0209, BULL",Close all,Close all,END,csi500
002385,大北农,饲料,20201218,9.11,20210104,9.69,200,1169.0,6.37%,17,Rank 0.79%,"Rank 0.79%, Score 0.0188, BULL",Close all,Close all,END,csi500
600483,福能股份,新型电力,20201218,7.6,20210104,7.89,600,439.3,3.82%,17,Rank 1.18%,"Rank 1.18%, Score 0.0161, BULL",Close all,Close all,END,csi500
601399,国机重装,工程机械,20201218,3.73,20210104,3.91,2400,419.8,4.83%,17,Rank 2.37%,"Rank 2.37%, Score 0.0089, BULL",Close all,Close all,END,csi500
300623,捷捷微电,半导体,20201221,46.01,20210104,43.03,100,-1419.8,-6.48%,14,Rank 0.98%,"Rank 0.98%, Score 0.0206, BULL",Close all,Close all,END,csi500
600707,彩虹股份,元器件,20201223,5.73,20210104,6.41,1700,2594.9,11.87%,12,Rank 0.20%,"Rank 0.20%, Score 0.0598, BULL",Close all,Close all,END,csi500
688520,神州细胞,生物制药,20201224,42.32,20210104,45.46,300,924.3,7.42%,11,Rank 0.98%,"Rank 0.98%, Score 0.0287, BULL",Close all,Close all,END,csi500
600131,国网信通,通信设备,20201224,14.33,20210104,14.62,100,140.5,2.02%,11,Rank 1.37%,"Rank 1.37%, Score 0.0224, BULL",Close all,Close all,END,csi500
600095,湘财股份,证券,20201225,13.2,20210104,15.18,300,1964.4,15.00%,10,Rank 1.76%,"Rank 1.76%, Score 0.0262, BULL",Close all,Close all,END,csi500
000034,神州数码,软件服务,20201225,19.84,20210104,22.28,100,733.4,12.30%,10,Rank 2.94%,"Rank 2.94%, Score 0.0195, BULL",Close all,Close all,END,csi500
688568,中科星图,软件服务,20201225,43.8,20210104,44.76,200,180.4,2.19%,10,Rank 3.33%,"Rank 3.33%, Score 0.0163, BULL",Close all,Close all,END,csi500
605358,立昂微,半导体,20201228,103.73,20210104,119.57,200,3136.9,15.27%,7,Rank 1.37%,"Rank 1.37%, Score 0.0242, BULL",Close all,Close all,END,csi500
300017,网宿科技,软件服务,20201228,6.68,20210104,6.91,100,519.1,3.44%,7,Rank 2.94%,"Rank 2.94%, Score 0.0158, BULL",Close all,Close all,END,csi500
600859,王府井,百货,20201229,30.25,20210104,32.4,100,960.8,7.11%,6,Rank 1.18%,"Rank 1.18%, Score 0.0391, BULL",Close all,Close all,END,csi500
688521,芯原股份,半导体,20201230,76.25,20210104,80.99,200,926.9,6.22%,5,Rank 0.98%,"Rank 0.98%, Score 0.0301, BULL",Close all,Close all,END,csi500
300339,润和软件,软件服务,20201231,9.54,20210104,9.78,100,143.7,2.52%,4,Rank 1.76%,"Rank 1.76%, Score 0.0231, BULL",Close all,Close all,END,csi500
688599,天合光能,电气设备,20210104,23.38,20210104,23.38,300,-9.2,0.00%,0,Rank 0.78%,"Rank 0.78%, Score 0.0214, BULL",Close all,Close all,END,csi500
603920,世运电路,元器件,20210104,28.05,20210104,28.05,200,-8.0,0.00%,0,Rank 1.17%,"Rank 1.17%, Score 0.0199, BULL",Close all,Close all,END,csi500
000958,电投产融,新型电力,20210104,4.72,20210104,4.72,200,-5.5,0.00%,0,Rank 1.96%,"Rank 1.96%, Score 0.0185, BULL",Close all,Close all,END,csi500
000537,绿发电力,新型电力,20210104,6.26,20210104,6.26,100,-5.0,0.00%,0,Rank 3.13%,"Rank 3.13%, Score 0.0147, BULL",Close all,Close all,END,csi500
